"","TRAF4","CDH1","CDH2","VIM","FN1","ZEB1","ZEB2","SNAI1","SNAI2","SNAI3","TWIST1","TWIST2"
"TCGA.CK.6746.01A.11R.1839.07",-1.9158628992218,-0.870203472097212,-0.587528335272354,-0.729953788612172,-0.441211534330571,-0.719326417272961,-0.312757544709902,-1.00345989095966,-0.615127998762927,4.1832068812785,-0.662627640410354,-0.864591007562688
"TCGA.WS.AB45.01A.11R.A41B.07",-1.68231918042352,-2.22297737064463,7.81129977355323,5.25539934421686,7.13086567034128,3.56746699996741,7.6466772195956,2.58665029517987,6.54803730603595,0.479105848036,1.12375407748353,6.68294407569728
"TCGA.G4.6295.01A.11R.1723.07",-1.64223519325619,-0.554044454039174,-0.556145973375937,-0.552184744685836,-0.611397203730245,-0.636176625927545,-0.225607859059976,-0.319713848842882,-0.640745964280517,-0.266644951181574,-0.481211750305912,-0.254047133176241
"TCGA.AY.6196.01A.11R.1723.07",-1.54461053534815,-1.58779913697639,3.88815283761771,3.65489067639277,2.49198597787501,2.19508531118836,4.92842676507486,2.54265812439252,0.973967646225448,2.51999965227858,0.2051573713569,3.86117520506599
"TCGA.A6.2684.01A.01R.1410.07",-1.49490795927728,-0.354465672599924,0.836740398389069,0.699053392667892,-0.226756246557141,0.702121922311026,0.740193216095616,-0.534989159150321,0.518057036264943,0.677587409183096,0.0428013692487817,0.261709375459037
"TCGA.AZ.6598.01A.11R.1774.07",-1.48518796060325,-0.208526373999999,-0.223977552457617,-0.35340158957793,-0.148759142632072,-0.795606230506669,-0.402735559172293,-0.145637870024721,-0.390334939351647,0.346622046411436,-0.443059537866178,-0.457567341746325
"TCGA.F4.6569.01A.11R.1774.07",-1.41848291446885,0.0105425383304429,2.07234444178153,3.06131679038328,2.02592752877132,0.956917262793594,2.04052906517627,1.82677352256752,2.11197190904898,0.885351646760019,1.8364187317318,1.64871061085956
"TCGA.CK.5916.01A.11R.1653.07",-1.40215011816982,-0.967380446454927,-0.171346226256148,-0.020641286656275,0.109429875675776,0.0471193090932651,0.306165192716512,-0.466172850567388,-0.0903840547591826,0.320329090989271,-0.683922167921959,-0.777417118480939
"TCGA.D5.6534.01A.21R.1928.07",-1.3969008132573,-0.929964558557726,0.275525433143845,3.67984096114251,1.83142533767345,2.39536001848224,3.65624483261166,0.593475275828249,1.34402060575044,2.37092485778973,1.16155759811709,2.34640324734205
"TCGA.CM.6161.01A.11R.1653.07",-1.37658264138412,0.226370623993892,-0.141821163813795,-0.420086417609857,0.121792012439325,0.00515621401091653,0.410274616984067,-0.590189000643288,-0.270392879626098,-0.598066752016679,-0.500419919203199,-0.434148991066793
"TCGA.A6.A566.01A.11R.A28H.07",-1.3553301929419,-2.17539597672497,6.46928505732264,5.60036274333016,4.09258060334004,1.87900573043007,3.5126311757009,1.06225742352465,3.23867212119206,0.842064334603544,4.42531058696706,1.95561161429283
"TCGA.CM.6167.01A.11R.1653.07",-1.33882198898664,-0.749673387531455,0.44792846099834,2.04655731092391,0.155199804683,7.44310131536501,3.2046089009947,1.08763286647718,0.810347773514341,-0.243547062203523,0.306013869790984,1.97612361029218
"TCGA.CM.5864.01A.01R.1653.07",-1.33128911784171,-0.879087526101057,-0.502254882946916,-0.663176074771834,-0.654401485849176,-0.508068353377088,-0.601311375709661,-0.883579079765616,-0.552018243070904,-0.854351417221668,-0.681520712393097,-0.750480989802335
"TCGA.A6.6651.01A.21R.1839.07",-1.29929149464228,-1.53089675102133,2.43855825560577,3.10033228546815,1.05658172306331,3.85837722239218,1.9132634532051,2.01053090412186,0.627187303524525,1.56819360451233,0.396062080678378,3.30964624444491
"TCGA.CM.6162.01A.11R.1653.07",-1.28817547827337,-0.0524318291376973,2.71888461437181,2.08521001588821,2.04257150636706,1.55714044321624,2.01735555796054,1.24490009026065,1.10320165946133,-0.0658122032658024,1.2965916857784,2.38589449321258
"TCGA.D5.6928.01A.11R.1928.07",-1.27455873105149,-1.46263778872492,-0.0693829563539379,1.45653928785673,0.404600300061598,0.85001520545112,2.55386287213318,-0.281589061482371,0.431191018396795,4.55262449718572,0.420707988240634,0.811965235470923
"TCGA.G4.6302.01A.11R.1723.07",-1.26771967885452,-1.51691136066649,4.54478288653286,3.18361881322229,1.58538992217428,5.95823638027354,1.29244711578697,0.498706909717455,0.553961409640036,0.901151834142294,0.408876794166213,4.51341312440333
"TCGA.CA.5797.01A.01R.1653.07",-1.26191205208233,1.65194666229532,0.104973823491185,-0.280886974050592,-0.380928763995901,0.00414130284249228,-0.340394500132279,-0.206070158665965,-0.247666185774755,-0.728788490419571,-0.242347437079503,-0.14765947569004
"TCGA.AA.3489.01A.21R.1839.07",-1.23576977790002,-0.229546506584034,0.235221211615331,1.61159880114324,2.08726798513543,1.36213658468631,2.8968970654224,1.91168111919446,1.1359616755202,0.7893138937596,0.45779790703832,2.88475729179041
"TCGA.D5.6541.01A.11R.1723.07",-1.22508581828437,0.849118779069759,1.52122641036385,0.827618546355687,0.468036083784932,0.0391088581396757,1.25447933380223,-0.0869695378038103,1.38659398476083,-0.266066442473254,0.360508259339097,-0.628874754639199
"TCGA.AA.A01P.01A.21R.A083.07",-1.16055057195918,-0.670883879344105,-0.0517097934043999,0.585956217790638,0.0295549085399283,0.572721844945439,0.426325868465979,0.0134626359772654,0.558535502120276,1.2985554722419,0.614419608679544,0.24198469167853
"TCGA.AA.A01Z.01A.11R.A083.07",-1.1530246603083,-0.175692726499084,-0.514346737530693,-0.785795580018876,-0.635267787434375,-0.715640441946255,-0.680282577803335,-0.578650106679704,-0.701114179607067,-0.688011587612043,-0.450126049552653,-0.720806019681597
"TCGA.A6.6648.01A.11R.1774.07",-1.15152055740986,1.29476253641999,-0.588608133181684,-0.64933643201787,-0.419930013596265,-0.340543036533359,-0.379985330336084,-1.19378341597011,-0.469395053743233,-0.738952198460235,-0.694726980135034,-0.822017518112022
"TCGA.CM.6165.01A.11R.1653.07",-1.13356634102692,-0.233237225726728,0.0645213944064887,0.128134819402063,-0.206868476784463,0.772409318386599,0.783398051161665,-0.807183150581771,0.0844133258073898,-0.411887788905226,-0.312019766974533,-0.122289595787213
"TCGA.D5.6898.01A.11R.1928.07",-1.11466563345274,0.241329733446721,0.34570171099625,0.116480556251477,0.302676525385723,0.568817918678999,0.248943361592027,0.784303888796859,-0.095211232889401,-0.106063671558435,-0.366680972536228,0.216656690085216
"TCGA.G4.6628.01A.11R.1839.07",-1.08985759370178,-1.56023032328724,-0.532923260822677,0.239042345212954,-0.38691555481346,-0.415780249233972,0.336854056107804,0.113187246453117,-0.556186868488874,0.264686106603728,-0.436929049367026,-0.204814992513047
"TCGA.A6.6654.01A.21R.1839.07",-1.08947496355934,-0.188397962275784,0.9670207215257,2.62658684680326,2.39947894583315,1.43063376738268,1.83556943392181,1.83725052136852,1.09524204951672,0.268804664013417,3.48913796029827,2.8246200393301
"TCGA.F4.6459.01A.11R.1774.07",-1.08639034535836,1.50149153229093,1.23868164325685,0.50657494926566,1.29899628450438,1.59830959374328,0.602819307051136,0.69057320883976,0.160838566822105,-0.259395016359879,-0.179453166180794,0.494979935106982
"TCGA.G4.6310.01A.11R.1723.07",-1.07882111440776,1.07122805353312,-0.1726342204944,-0.0682498684900242,-0.318539423166849,4.14221048185052,-0.510503336749791,-0.676160693251805,-0.551113229987473,-0.944954372815487,-0.378131038357396,0.013094603205619
"TCGA.CM.6168.01A.11R.1653.07",-1.06633436177134,-0.457046825876683,0.5093687267891,0.909968847989259,0.731783817685443,1.73122238229228,1.85117142775602,1.14648276626475,1.71140357792095,-0.092609363525494,0.686136593185497,0.899817553166779
"TCGA.NH.A50V.01A.11R.A28H.07",-1.05194638898397,-0.579940088488638,0.0497065200404699,-0.17431772240201,-0.360537489947953,0.17399910596957,0.20680367652132,-0.353696694864567,0.0041699366229726,-0.510297958351691,0.374701521828063,0.134801346311586
"TCGA.CK.5915.01A.11R.1653.07",-1.04624826772026,1.20137249140653,-0.620010491335681,-0.88690300334145,-0.553172055757696,-0.567155812671561,-0.786778420907461,-0.451622135816247,-0.518478431697835,-0.955043776985357,-0.686020110981665,-0.864591007562688
"TCGA.DM.A0X9.01A.11R.A155.07",-1.0190427532832,-0.141646411285482,-0.475537530318909,-0.709331268577394,-0.547169572191325,-0.477764674038099,-0.627552011071626,-0.438084898209914,-0.537061013662749,-0.751451171011546,-0.522718818129914,-0.810777379838799
"TCGA.CA.6717.01A.11R.1839.07",-1.0151498395586,-0.8703354517347,0.201021729901001,0.953251364325757,0.182638242496683,1.25920205690338,1.54739663218868,-0.341934417773517,0.0515121913101834,0.409690110456973,-0.231090831496309,0.191320312829999
"TCGA.D5.6931.01A.11R.1928.07",-1.00924307550378,0.327315744749869,-0.0582862096473861,-0.174706414883297,-0.224914139850976,-0.245909286804873,0.347843811381253,-0.932643037914987,0.0289093901723118,0.718231626507065,-0.426968743222712,0.0756105436462589
"TCGA.AM.5821.01A.01R.1653.07",-0.990425739827754,-1.67352975211171,-0.382531407562172,-0.125793647759574,0.111913569983841,-0.260805890845572,-0.212567578518333,5.44466794804393,3.16728540470114,2.4921144710537,0.129008178045626,0.503581739880902
"TCGA.F4.6460.01A.11R.1774.07",-0.989480526910931,0.170691484881571,1.03763574079442,0.239499720359647,-0.224445215362363,1.82482449757269,0.363294390692843,-0.246139369603975,0.0355691204172961,-0.00904935339901643,-0.152259839077791,0.489142098760904
"TCGA.AZ.4323.01A.21R.1839.07",-0.984714835819862,-2.14606166591601,0.550072873469218,1.59363280094989,-0.275473622995277,1.35956613435806,1.96336355342947,0.742510336180331,0.573293973164572,2.39868796836973,3.76023251748224,0.816638854812546
"TCGA.CM.5861.01A.01R.1653.07",-0.982999107490002,-0.996266262031769,-0.23975930469016,-0.633414676404022,-0.417415662688747,-0.714992072169561,-0.742027688176332,-0.461414679911415,-0.639642855361108,0.76933676735487,-0.432662498130749,-0.331865407912842
"TCGA.CM.6163.01A.11R.1653.07",-0.981986430090011,-0.265672898331661,-0.521239565143624,-0.37253375288998,-0.495791257707071,0.25803358622382,0.457383689948785,-0.712769116328336,-0.101472121350911,0.0134381823546602,-0.00602243428206918,0.21742725098025
"TCGA.F4.6805.01A.11R.1839.07",-0.977785878322163,-0.198292961939013,0.796302084309723,0.945740750653598,1.15663418508385,1.597006548691,0.926939543438597,1.49312606248355,0.763598481279305,-0.0110184059750405,0.253018507476035,0.0290669904537837
"TCGA.D5.6531.01A.11R.1723.07",-0.965392155657271,-0.631714271094509,-0.318191684422286,-0.178258736598781,4.12284964811379,-0.278856340937474,-0.0697351365708943,1.36122217714817,-0.313292222353215,1.83697193484929,-0.490357669939473,-0.0949095570277745
"TCGA.D5.6529.01A.11R.1774.07",-0.964972739617695,-0.886098295622358,0.241040122571162,0.886431598416891,-0.184924468603376,0.366658963826887,1.33565195085302,0.247202817609227,1.24469641363571,0.321878857437247,0.591101278558714,1.02407887315302
"TCGA.CK.4951.01A.01R.1410.07",-0.938515725867589,-1.40182868972861,-0.107586394586087,0.264727791507056,-0.272749787706845,0.00352089658259389,0.496141084236057,-0.196070737585755,1.32974644258608,0.555092170760897,0.780662192215223,1.45867521795258
"TCGA.F4.6703.01A.11R.1839.07",-0.933284174766426,-1.13767621588564,3.41444620054512,3.17024935400397,5.2407952184231,1.83839393117408,4.21080458916655,2.28131527099034,7.86004656608215,0.900063813177105,2.35854706202192,3.92514851067767
"TCGA.F4.6704.01A.11R.1839.07",-0.926617405554896,-0.376270078011625,2.48227713217871,1.83362437013219,0.818191615648111,2.44762986272097,1.17622872837947,1.24975619736167,1.64628305011457,4.92565646566511,1.37601580180077,0.949929138329741
"TCGA.QL.A97D.01A.12R.A41B.07",-0.917086875555703,-0.138081603750966,-0.57489422923302,-0.624690949799468,-0.668438380492579,-0.518153039311849,-0.58702172854377,-0.38577473205057,-0.483890501219358,-0.416542395668496,-0.593218277425624,-0.74589950274164
"TCGA.D5.6930.01A.11R.1928.07",-0.903239896908103,-0.993523692429351,0.204852777603273,0.607223298223833,-0.193286459856793,0.062824661904048,-0.068715122273803,0.0988423082775225,-0.339216275751144,0.143406267210934,0.576029915109362,0.682846031581198
"TCGA.F4.6855.01A.11R.1928.07",-0.896770408048408,-0.563933285869979,2.97278415436998,1.9718000136027,2.55245860236246,0.743769194144854,1.2775470870273,-0.00270347991239775,0.923718219202882,-0.691965615022118,1.84011764514408,0.231875267762151
"TCGA.CM.6677.01A.11R.1839.07",-0.881088253428116,-0.0129634303264621,-0.280050587463769,-0.11888094453409,-0.423165537781236,0.058840683216976,0.0340688344829187,0.0286515882354519,0.0824389927264056,-0.568642419182507,0.0159972795108036,0.382972208484169
"TCGA.CM.6169.01A.11R.1653.07",-0.859890628755386,-0.555612919852016,0.166792841925522,0.810534297362222,0.150468362309737,1.68195971271764,1.69179675239977,0.476757041522566,0.370632657568821,1.12549114232548,0.379247258198183,0.183455566303504
"TCGA.CK.4947.01B.11R.1653.07",-0.858777677828832,0.263164139674386,-0.431597518662141,-0.266970509521186,-0.547413674471218,0.137914929065419,0.7167218657548,-0.882026401968304,-0.229060415334057,-0.179008843000146,-0.092647441557408,-0.0503929140157166
"TCGA.AD.6899.01A.11R.1928.07",-0.85754300677159,-0.645697625465827,0.428210974773841,0.652925729045055,0.224134910708338,0.910609953131329,0.664710846026597,-0.641854326838617,0.142678015116448,-0.199537941016484,-0.100705581769068,-0.0898925355481466
"TCGA.AA.3712.01A.21R.1723.07",-0.854917147056156,1.30452164416368,-0.0750019047339675,-0.00562187276278953,-0.0213118528229367,-0.0614923609035288,-0.210208975867893,0.327265311230098,0.626738772150087,-0.807922112814501,-0.0503259872226533,0.0182623865994929
"TCGA.A6.5667.01A.21R.1723.07",-0.841000289407042,0.568150837899485,0.122543476401484,-0.396355857034524,-0.301196267867817,0.335863729726961,-0.24143736830339,0.477654975670409,-0.409377978192831,-0.716066606255879,-0.242820082451319,-0.0123757846400382
"TCGA.5M.AAT6.01A.11R.A41B.07",-0.824043695192061,-2.34796492175399,2.3490679454318,0.864544374915391,0.954736526468463,-0.0900532551810187,0.728888560601815,1.2072583826684,1.20246357395539,-0.063880302625175,3.41284511986419,0.234689490161408
"TCGA.F4.6856.01A.11R.1928.07",-0.822627509167473,-1.49209906905505,-0.318072883127251,-0.543312600695789,-0.414727955500075,-0.5807129094273,-0.642221113003042,-0.727438675304927,-0.638592086144182,0.303032211352445,-0.420189525781851,-0.220695247480284
"TCGA.AZ.4615.01A.01R.1410.07",-0.821619660804171,-0.592526618441965,-0.187163266002067,0.523720427213233,-0.08870145652834,-0.320329252019514,-0.101082666256424,-0.492648703014825,-0.329133263952655,0.181550690024641,1.51827626649491,-0.233283867319818
"TCGA.DM.A1D8.01A.11R.A155.07",-0.796511368595485,-0.699036900539299,-0.502223124184877,-0.793066161340628,-0.658495663987129,-0.664831280231939,-0.699228024727136,-0.0643286124461204,-0.680367119059744,-0.10910482284162,-0.435373258351462,-0.532554642759864
"TCGA.CM.6674.01A.11R.1839.07",-0.79442792332473,-1.02551015121976,-0.145883932853908,0.247426413904412,-0.0441791963324183,-0.0652224747224322,-0.300085959842921,-0.211936441683309,-0.0354730815762793,0.713412489744181,0.604549661209254,0.931544560453642
"TCGA.CA.5796.01A.01R.1653.07",-0.792344478053976,0.377271734191928,-0.585360505700574,-0.62501954137874,-0.654440584328076,-0.403647646922083,-0.676544187354052,-1.3899292076181,-0.560539676657353,-0.567060808218477,-0.753520357366509,-0.811070528005388
"TCGA.DM.A1D9.01A.11R.A155.07",-0.785928534689344,-0.677003746391117,-0.53308558338421,-0.736346945313589,-0.641340607292018,-0.574719943964914,-0.727197462298836,-0.603765852991438,-0.53053445152155,-0.300023311425821,-0.369390574312403,-0.781387182222748
"TCGA.AZ.6605.01A.11R.1839.07",-0.785563800388758,0.203770588160191,0.388343142160753,1.54702595793295,0.471120223442701,1.59586717245762,1.92542673663307,1.19072583041694,2.30101893924838,-0.0726959261528731,3.32499795360045,2.80388190045938
"TCGA.AZ.6601.01A.11R.1774.07",-0.779824632313181,-0.768043288353819,-0.0994067489853495,1.05810569121028,0.466336972130967,-0.355426481272036,0.481297212682345,-0.0520700506728685,-0.076547159995305,2.88736860431964,-0.372401371668657,-0.0871034401345971
"TCGA.NH.A6GC.01A.12R.A41B.07",-0.765731514824881,0.343021082083443,2.82258638243305,0.142450514418385,-0.228925988226153,-0.231995243981795,-0.241395906441043,-0.658781926098755,-0.343868546521168,1.35598705694583,0.259180273977734,-0.14141960757264
"TCGA.AD.6964.01A.11R.1928.07",-0.750541495855496,-1.26046296861471,-0.0847424346764051,0.993182380777593,0.306252535532303,0.11319463191339,0.935609533755449,-0.337484361776118,0.391522824138121,1.4258220806529,-0.114033486187575,0.768587682477611
"TCGA.G4.6627.01A.11R.1774.07",-0.742530266017273,0.13655063615872,0.178771776466494,0.518090890383028,0.0686617864422493,1.92425261967109,0.524300511607369,1.84102272511706,-0.146352422437808,-0.0808746593594852,0.510409824210937,0.296451621030818
"TCGA.CK.5912.01A.11R.1653.07",-0.694686727041564,2.95892127128099,-0.560022894845599,-0.549752250278404,-0.5427393434133,-0.126710135875239,-0.35664125216766,-0.533392464973213,-0.351098050742544,-0.64038811385284,1.00633761436778,-0.572029137306586
"TCGA.A6.5659.01A.01R.1653.07",-0.69367532791599,1.87166487372253,-0.304804778097581,-0.417005450319533,-0.53791673398247,0.139354776028294,-0.422304246115541,1.35897294014058,-0.178220013442955,-0.759284921960904,-0.620299235408367,-0.579190328233267
"TCGA.DM.A280.01A.12R.A16W.07",-0.691640741134099,0.102631210623809,0.190299030836242,-0.284187511683106,-0.337800088020196,-0.813238872759381,-0.690894715229211,-0.94769884062429,-0.654517268784321,-0.270429141172693,-0.360873690063392,-0.0568421736806808
"TCGA.A6.2675.01A.02R.1723.07",-0.691063813280134,1.40464837938775,0.670318604051938,0.582841508891509,0.016482810667818,0.305128260790384,1.23454641227078,0.511931631027234,0.684894806886903,0.202058558363609,0.650242189151819,-0.0964925571273567
"TCGA.A6.A565.01A.31R.A28H.07",-0.679894677507631,-0.373584476026478,-0.304324867915657,0.714581086843656,0.0513349694194919,1.3085011887107,0.924106753539677,-0.357499710078962,0.428472666507104,0.896974895119838,0.0368041018715877,-0.276284515527514
"TCGA.CM.6172.01A.11R.1653.07",-0.679133394076502,1.35246484433094,-0.451063287291219,-0.4003634691422,-0.532385992834561,0.1917030277749,0.0140112649475731,-1.06223276208259,-0.0196346900883572,-0.113377295412239,-0.388200238288354,-0.283956621830251
"TCGA.CA.6716.01A.11R.1839.07",-0.668248177255272,1.10567222387897,-0.101412255995597,-0.409892767732511,-0.10012900053622,0.217207400005722,-0.490207755131229,-0.930704116384963,0.0183930851406131,-0.670661633781793,-0.394752400599617,-0.224891454093462
"TCGA.A6.5661.01A.01R.1653.07",-0.663258504080082,0.360157236775516,-0.428153457356567,-0.665069674419934,-0.508400005017741,-0.400042820624511,-0.51135120559309,-0.601390068891936,-0.333284663645758,0.334319448375792,-0.388818847672055,-0.727397665598905
"TCGA.DM.A1DB.01A.11R.A155.07",-0.656051024789762,0.562577033608486,0.0710778143918946,-0.748676454735348,-0.564468748252151,-0.873754390475335,-0.774019976063033,-0.290973353654928,-0.732847277452671,-0.702251393707656,-0.622170123338475,-0.744509142865816
"TCGA.D5.6920.01A.11R.1928.07",-0.636543704989024,0.993472545524407,-0.510053423403185,-0.357148578814717,-0.508026042144809,-0.312382678511155,-0.0581966676634821,-0.703580697045871,-0.255843104863852,-0.3077721436657,-0.549407063414015,-0.238066370266174
"TCGA.AA.A01X.01A.21R.A083.07",-0.633204284087396,-0.109868541002601,-0.388611446116991,-0.67860794163626,-0.288013465608791,-0.255918032600884,-0.521601995016111,0.820221254710588,-0.684079925296602,-0.101939806729403,-0.519314149630479,-0.434065234447768
"TCGA.DM.A0XD.01A.12R.A155.07",-0.628281507273412,-1.01763812074892,-0.0702722016910328,-0.417480959974555,-0.406986139869345,-0.550870628115446,-0.61756495058315,0.931305392402354,-0.402809014267342,-0.152354983062699,0.210679676473199,-0.277993150555634
"TCGA.A6.6652.01A.11R.1774.07",-0.619286574255337,-0.737372534010633,-0.496264239425984,-0.7280556767557,-0.6185240794186,-0.562654234771635,-0.707592824247097,-0.83661360252303,-0.602233218643734,-0.375070220927116,-0.412506721600751,-0.460322934512265
"TCGA.A6.2685.01A.01R.1410.07",-0.60944798012142,0.733002307559468,0.442827062814504,1.32909137695257,0.173110883610498,1.77882780226857,1.34965346431729,1.20911477348631,0.186789783863095,0.502495645077882,0.236640418586955,2.03427583088159
"TCGA.F4.6807.01A.11R.1839.07",-0.588171244465269,-0.278705947415448,0.184525993647801,1.07951984678976,0.490716117139166,1.70912928495846,1.0901187382904,0.755729555442636,0.325344901836017,0.393205265979531,0.345793696807685,0.911015813130489
"TCGA.DM.A1HA.01A.11R.A155.07",-0.580294091410438,0.2506976928274,-0.569401139650701,-0.958390991510237,-0.639800745595821,-0.859444471983103,-0.924933544915265,1.65049672475955,-0.788119990857795,-0.804520057016034,-0.740572422756716,-0.730823311317048
"TCGA.CM.5862.01A.01R.1653.07",-0.576408563271368,-1.11357659834814,-0.438258624937231,-0.47612346198262,-0.506555775931614,-0.134479058806305,-0.440950275413157,-0.0265779643138771,-0.239562144752407,-0.831380906307834,-0.0566012812891512,-0.371901071807035
"TCGA.5M.AATE.01A.11R.A41B.07",-0.569727164919277,0.610248968912848,-0.48511103269803,-0.678427610371936,-0.575318445135581,-0.411099375844001,-0.558561046628321,-0.122880301260571,-0.544285880188969,-0.742805384902805,-0.62517976225019,-0.807092088601676
"TCGA.G4.6625.01A.21R.1774.07",-0.566026702509826,0.331991041569321,-0.369068044958484,0.218730367923962,-0.367242705191701,0.118711395133865,0.749498780023879,-0.163377571492099,-0.334738912341315,0.517239656011021,-0.10635647422917,1.37651835035046
"TCGA.F4.6854.01A.11R.1928.07",-0.557338839413039,0.0842700924754463,-0.058221515872862,-0.10182461126014,-0.338258634046975,0.0669583276516171,-0.171880633130851,-0.05146702626966,-0.322690180324275,-0.645626536743772,-0.426155515156498,0.0376604195658008
"TCGA.AA.3655.01A.02R.1723.07",-0.548941570700597,-0.0399662805187342,-0.559565333422147,-0.331404873627714,-0.506442398918079,-0.265483748562164,-0.206655589298067,-0.397452277610512,-0.277763502285812,0.185117275822722,-0.0486613024204459,-0.243309534617171
"TCGA.A6.6138.01A.11R.1774.07",-0.512996352037581,1.85324539071331,-0.326805366437559,0.345473531852847,-0.315080048637383,0.134917075573599,0.364425669734459,0.178595586830326,0.0814882652192874,-0.182097761057413,-0.437790932103868,0.159610056866942
"TCGA.DM.A1D6.01A.21R.A155.07",-0.504312323764048,-0.380492548143835,-0.54078061380124,-0.984801289809319,-0.659006411985704,-0.759732876586992,-0.882737965055445,-0.714344902725041,-0.719515228932991,-0.888817798431103,-0.483742951623117,-0.746343412822475
"TCGA.D5.6540.01A.11R.1723.07",-0.502518478664203,-0.659192423635217,-0.144893529978467,-0.109253976623327,-0.0872564111445953,-0.572911636545431,-0.379403814595833,-0.099704576888357,0.330175392605633,0.0514711493621766,-0.284678158970567,0.117664742058967
"TCGA.F4.6463.01A.11R.1723.07",-0.501726516647042,-0.0198088260884478,0.986887591556828,0.240075112601884,0.703870414580022,0.653690481980757,0.241650797322366,0.84968581934619,-0.0219237239121156,-0.320934543634809,-0.177518563801055,0.517393206358208
"TCGA.A6.A567.01A.31R.A28H.07",-0.494327438224523,-0.255838519079661,0.26990530851337,-0.486241489532318,-0.464913440041141,0.242305204634499,-0.447060389355395,-0.347778692600963,-0.400755177840815,-0.649490338025027,-0.169181238455552,-0.431401773962756
"TCGA.D5.7000.01A.11R.A32Z.07",-0.485536318960864,-0.109705642360505,-0.173929272235328,-0.065467677933783,-0.206236179061185,0.0829167228741924,0.0437840311144907,-0.517395812145765,0.385329513520322,-0.228065319981792,-0.459497865871274,0.383181600031733
"TCGA.G4.6293.01A.11R.1723.07",-0.479578565959818,0.628165703717383,-0.586799059995901,-0.359974063724702,-0.590919762485045,-0.0933916056126507,-0.27303550608095,-0.976416227212851,-0.133674951463099,0.629305815425438,-0.577912908179442,-0.55371994038761
"TCGA.G4.6303.01A.11R.1774.07",-0.476553174473532,0.269034538858524,-0.347095686629208,-0.221765478277244,-0.340925460446927,0.220327525345494,0.0955494286708194,-0.372806406153104,-0.306056755380923,-0.540831541828421,-0.15835557424078,0.57663426299495
"TCGA.D5.6932.01A.11R.1928.07",-0.458294870809614,0.456624990247028,-0.126368761706102,0.467267788458637,0.227429397038318,-0.161825185015916,-0.135798316215473,-0.0119601245835467,-0.116901070609287,-0.592913247835225,-0.198705355970554,0.646746928781204
"TCGA.A6.6781.01A.22R.1928.07",-0.451064950701735,-1.64828453455389,3.44226099483914,3.19897358700761,4.08222360350642,0.834728482935903,1.92686714272433,0.00780433035445889,1.60375074783271,3.06986421840748,1.56407652977958,1.77908616403467
"TCGA.G4.6294.01A.11R.1774.07",-0.448329727508321,0.428149066057938,-0.510528628583325,-0.774524397647393,-0.609440500416224,0.238301486994395,-0.597319752999844,-0.948637489923445,-0.0323645007655484,-0.922212080933376,-0.644843199851212,-0.786956997387944
"TCGA.AD.6901.01A.11R.1928.07",-0.427823223204225,0.0144629243982627,0.21861137906888,1.16686587704786,0.263089255949741,0.16641907385294,0.597597211730292,0.191074230502559,0.381249004310328,0.0309208216684697,0.623331522516274,1.7391258810976
"TCGA.D5.6536.01A.11R.1723.07",-0.425958788950412,-0.649772327107969,0.612003635695915,0.341486381753389,0.711702511156821,-0.520392313872543,0.189850498324948,0.661106443385169,0.296964195060809,-0.878027814908038,-0.278863925830499,1.69641838105649
"TCGA.G4.6323.01A.11R.1723.07",-0.424701535045121,0.0347554723231829,-0.469876236922827,-0.711359649031889,-0.652704227406896,-0.51651689942715,-0.600098485027604,-1.38936029590923,-0.655978142758674,0.904092144457974,-0.754573383452248,-0.616018113618783
"TCGA.F4.6808.01A.11R.1839.07",-0.420397443049419,0.0861657727766941,-0.567779090285815,-0.681952102042747,-0.627816444869983,-0.688227422618034,-0.765803966897189,0.0565601738452566,-0.621446527149957,-0.829348164699701,-0.562562359596247,-0.319109274835257
"TCGA.D5.6923.01A.11R.A32Z.07",-0.402015856919416,0.193506875873901,0.454780119845665,0.677735578448796,0.136175150387063,0.578446141324882,0.804596346745237,2.11011906382035,2.33854584340043,-0.778932988366406,1.0281824030353,3.1362197890907
"TCGA.AZ.6603.01A.11R.1839.07",-0.401950096802137,1.67360469646055,-0.363786680456426,-0.0962104387850242,0.426287750379378,0.327180235305387,0.308207320645497,-0.165429835200099,0.314011037400985,-0.658401495100888,-0.171047492607505,-0.160172714572451
"TCGA.D5.5538.01A.01R.1653.07",-0.374113966985563,0.0237976693027189,0.212317262932908,0.647432215306462,0.338143131001599,-0.0312251437972241,0.867600795582793,-0.380343110783715,0.55631272108447,0.298828735233277,-0.0928640706861574,-0.367947759389031
"TCGA.CK.4950.01A.01R.1723.07",-0.369740848171293,0.0270760618616882,-0.421654673643009,-0.0335994066766046,-0.528660475192666,-0.435473967165835,-0.188753249354183,-0.496873175065769,-0.0351557307219869,0.63405595573687,-0.434642279847501,-0.471847845290175
"TCGA.AA.3660.01A.01R.1723.07",-0.368307050365835,-0.311674588607882,-0.482715010539746,-0.467644194262003,-0.570916350397661,-0.45223535396386,-0.263172043928962,-0.61415151780436,-0.207367264974774,-0.0667144645540075,-0.387773930698088,-0.217194220805018
"TCGA.AZ.6607.01A.11R.1839.07",-0.357998051246116,-1.81987019934663,2.34628376062638,2.46417063469914,4.06257529345634,2.07225254798798,1.28707491802776,2.67404371685581,7.40077362713305,-0.635537132573902,7.61780070157027,1.99165208745951
"TCGA.AZ.6606.01A.11R.1839.07",-0.356098393430563,-1.03756421160115,-0.630456771545655,-0.77032263206747,-0.564985777637887,-0.626030529916682,-0.65431905463528,-0.723732496126084,-0.571491925033779,1.88008410216746,-0.623805847027213,-0.829765005371882
"TCGA.AD.6965.01A.11R.1928.07",-0.350481655638127,0.757470198586333,-0.369203313759761,-0.381273629202345,-0.519943429542344,-0.20088528324185,-0.388138884291558,-0.423242574942623,-0.312505139232339,-0.595296279119955,-0.534961260015598,-0.691541456994084
"TCGA.CM.6170.01A.11R.1653.07",-0.349257778898193,2.56204542714733,-0.317442412888253,-0.366534943209455,-0.231764522549309,-0.0966570315789125,0.139987360516398,-0.47674228376596,-0.070160391236685,-0.812560797319744,0.301008230938974,0.215015060352316
"TCGA.D5.6924.01A.11R.1928.07",-0.34566327123494,0.675145085255521,0.186518561903143,0.641003860523917,0.417600641958422,0.394417140681052,1.12810436462096,0.246769256268234,0.667584940978556,0.0149720265446089,-0.162953440615144,0.631310583894802
"TCGA.G4.6315.01A.11R.1723.07",-0.342480794025738,1.73160547556317,-0.588123517997976,-0.800336656987537,-0.156893450870556,-0.684231929541693,-0.737727463250569,-0.52470913364891,-0.778772385005578,-0.952570519571807,-0.655161465358005,-0.778464076218758
"TCGA.A6.6649.01A.11R.1774.07",-0.331624551424648,-0.677920138580631,-0.476662025745182,0.176899683189348,-0.490867321902692,0.755938806993679,0.568933681589566,-0.81824556723406,-0.0901183810794931,-0.144977670176787,-0.310229970162139,-0.0365730718765077
"TCGA.A6.6653.01A.11R.1774.07",-0.330751489997194,0.537001208256395,-0.476136241795868,-0.136433092400734,-0.399882086316139,-0.552323360228218,-0.46325701977237,-0.266377000624791,0.565104466045765,1.02571696610802,-0.300679753384548,0.0652163472251933
"TCGA.G4.6299.01A.11R.1774.07",-0.324589071058787,-1.45924198778305,0.28464255034996,0.593543967379329,0.423219108144767,-0.329791064325247,0.0160641519674205,0.156492761715645,0.46603203452525,1.2227814462907,1.32404218756901,0.278586334192677
"TCGA.A6.5664.01A.21R.1839.07",-0.320681102102157,-0.338006901600801,0.16057635831898,1.15581956257966,-0.197377996334388,0.583991416366405,1.16322177477781,-0.645814700610784,-0.083984035442972,0.641045827010789,-0.216492113418774,0.465346843295757
"TCGA.D5.5537.01A.21R.1928.07",-0.317910087225041,1.13145675750232,-0.252100524368466,-0.175576057372105,-0.383333425257091,0.12740393657558,-0.223051918938115,-0.672642684096591,-0.169286487515442,-0.802142333150646,-0.212248731073273,0.171612380373297
"TCGA.CK.5914.01A.11R.1653.07",-0.291749775170389,0.658330176825657,-0.549467223344158,-0.428566727707724,-0.180621966128328,-0.391319299992621,-0.320106791019226,-0.647590761535562,-0.0181618906121732,-1.01460894426492,-0.280361794619124,-0.559281379890903
"TCGA.G4.6588.01A.11R.1774.07",-0.285021506756306,-0.458409477708561,-0.0708979669282478,-0.210931623139308,-0.313089830299716,-0.614419639099528,-0.376712729796071,-0.347933850339745,-0.339001616718178,1.32807533862424,-0.217236993257201,-0.319352169030431
"TCGA.D5.6539.01A.11R.1723.07",-0.277285532009413,1.15593762293396,-0.597626445350343,-0.39160630079079,-0.58313160465211,-0.265438239309339,0.0145534181602797,-1.00263678465747,-0.0258034871746134,0.0661780083599198,-0.709047671523265,-0.591854329029924
"TCGA.F4.6806.01A.11R.1839.07",-0.269174170675118,-0.366789820167471,-0.331076331806595,-0.446568068773602,-0.499754512870992,-0.123866904182174,-0.275850976467751,-0.740222132407249,-0.350330180930175,-0.681451617304857,-0.217423502827942,-0.191397182145161
"TCGA.CM.5349.01A.21R.1723.07",-0.268476090812431,-0.341746823678523,0.194048917257749,0.869794229401912,0.866866089521152,0.696618044240447,0.34936110560965,0.213355321955415,0.62525603475571,-0.213512376144978,0.53484257797806,0.650507600975449
"TCGA.G4.6309.01A.21R.1839.07",-0.267520935761246,-0.660021048966589,-0.543869447472154,-0.752940762950297,-0.583586718187839,-0.643932389556589,-0.71524489960166,-0.855368981954207,-0.632575007942336,0.659616487289787,-0.492817047695274,-0.722305263162154
"TCGA.CK.6747.01A.11R.1839.07",-0.267120409776958,-0.449211802400389,-0.492189707881412,-0.468324795210832,-0.508822580158089,-0.24027902460446,-0.205352689636359,-0.640034249534043,-0.14254222460266,-0.480709095517906,-0.598106913379218,-0.556919443234384
"TCGA.D5.6927.01A.21R.1928.07",-0.258449022217113,-0.261196988172654,-0.225711345614863,0.327396068689407,0.364911182589653,-0.225335814702435,0.390907728598694,0.420641659329837,0.524727366956,0.263545011445115,-0.00376115054239707,0.316578336582648
"TCGA.AD.5900.01A.11R.1653.07",-0.245600091828943,-1.11408246040997,-0.355917564973403,-0.20379852138149,-0.371904647362768,0.479137549553185,-0.105202085972334,-0.235861544921554,0.40495292678397,0.976081980418057,0.58960225132555,-0.0391862783901036
"TCGA.NH.A8F7.01A.11R.A41B.07",-0.243980518141411,-0.0793258140936025,-0.454876691236803,-0.926995302684294,-0.622965648994605,-0.701032520093658,-0.80031624379726,-0.995938592061977,-0.808187960328604,-0.871250240407815,6.34310625333861,-0.708309532122991
"TCGA.QG.A5Z2.01A.11R.A28H.07",-0.234953202171415,-0.35806419362623,-0.549808335973467,-0.837403477779718,-0.661801829361951,-0.546974103956393,-0.647270800453243,-1.32050657340348,-0.815080900387181,0.475751559011614,-0.712725732933848,-0.749735555893008
"TCGA.A6.A5ZU.01A.11R.A28H.07",-0.234340198572766,-0.0886933942224487,0.470680673373243,0.579032733814139,0.576655214523114,0.431903605706891,0.326552882649527,-0.417843965960614,0.446072057098804,0.134028057232944,-0.102151320553448,-0.416543349747631
"TCGA.DM.A28H.01A.11R.A16W.07",-0.233075559081949,-0.250170979704324,-0.556069517096953,-0.787592252861826,-0.629807797049246,-0.653175428466211,-0.687164722119136,0.782986698631456,-0.478256364131878,-0.870873413634506,-0.66759041681443,-0.798381400223024
"TCGA.QG.A5YV.01A.11R.A28H.07",-0.22349247780113,-0.074383703630125,-0.537865865196318,-0.820759611755849,-0.512526361866029,-0.556118996405104,-0.681273463830044,-0.981022541358527,-0.587217686782182,-0.600465705559436,-0.613303388838757,-0.699766356982389
"TCGA.DM.A28A.01A.21R.A32Y.07",-0.210641985077561,0.46132230363335,-0.243172783484141,-0.121893571858378,0.502594477518407,-0.458853934576528,-0.434153416573701,1.19343944023137,0.0356930131307672,-0.628303120010234,0.204787827549033,0.125353599685509
"TCGA.A6.6141.01A.11R.1774.07",-0.210194873092263,0.112532497883198,-0.369992577808955,-0.349039869067057,-0.134494865108277,-0.224917458558995,-0.31428454836176,-1.20697622540453,-0.542966124652955,0.717233831670696,-0.66856698556061,-0.349404043936783
"TCGA.D5.5541.01A.01R.1653.07",-0.209562695377345,1.01191751824886,-0.344646733200859,0.13853987195328,0.376693278388185,-0.0729149092104969,0.264561625270955,0.94240742379646,-0.101109718600811,-0.725821643007179,-0.304471342359931,-0.319971968011219
"TCGA.CK.5913.01A.11R.1653.07",-0.208944720711515,0.419354515486412,-0.387982152128439,-0.219439177837092,-0.0907924343187563,-0.175185988849831,-0.140202195797101,0.536037201422644,0.202354551336774,0.173780628107392,0.0358113149018648,-0.336044863202215
"TCGA.CM.5348.01A.21R.1723.07",-0.202896068196306,0.265790478570649,-0.0230728000486959,1.57148554002226,1.12449069529825,1.36716617957985,1.45980818556506,-0.609437363528183,0.102560626955456,0.549800673676541,0.744170030799541,-0.161345307238808
"TCGA.AA.3713.01A.21R.1723.07",-0.191206958796682,-0.193636867238627,-0.398860116252054,-0.503147620528223,-0.477992798310698,-0.264399476906,0.0642950569671437,-0.733043060862483,-0.632757203109206,1.13082509876457,-0.446314767020111,-0.379556426785966
"TCGA.CA.6719.01A.11R.1839.07",-0.176910027553966,-0.172204248385886,0.623774373907963,0.409549446697491,0.282650093455517,1.31018557936948,0.33472349370027,2.34209308821298,-0.0381841456592952,-0.503838829012011,-0.306451124076683,0.183824095427216
"TCGA.A6.6782.01A.11R.1839.07",-0.173841458798451,-0.445718873068323,0.292702218405216,0.761639079302071,0.158240003214886,0.449193283650663,0.573529387888759,0.874789461153479,0.264190265916471,-0.301137869487721,-0.180930182967722,1.3881186420855
"TCGA.CM.6680.01A.11R.1839.07",-0.164630781464725,-0.238823904619388,-0.107133538164419,0.141158437839485,-0.253498079249297,0.109378982631345,-0.0378863907013036,-0.402958726723022,-0.118337431052097,0.135461060455387,-0.156286592294543,-0.0882592814771492
"TCGA.CM.5860.01A.01R.1653.07",-0.163106226175593,-0.374070397426206,0.131094817143125,0.908371312038562,-0.274593030636625,0.74751301557003,0.531752625322008,0.31256053914967,1.96192391994994,-0.237666441572163,2.36131574446957,0.417144909046576
"TCGA.AD.6548.01A.11R.1839.07",-0.156901056059431,0.191743993595673,-0.274855089244261,0.0566969795744204,-0.216349550636928,0.00852444702422295,0.278683063235807,0.798970146544965,0.325666890385466,-0.319634225895926,0.523699499959666,0.435688624498824
"TCGA.D5.6926.01A.11R.1928.07",-0.155004522914678,0.348878666547789,0.712683616361656,0.758154497828725,1.23233292301533,0.402793310569995,1.13875245315533,0.112798801901415,0.728186366118699,-0.510404106738539,0.692686438607683,1.45504018068688
"TCGA.CM.5868.01A.01R.1653.07",-0.154210004348682,1.59931317488094,0.0356632659669568,0.235000220422891,-0.150840766229322,-0.196716526022223,-0.240721232718938,-0.0669475870439966,0.229361837817727,-0.572893662075756,0.614333883783675,0.186119026788515
"TCGA.A6.5662.01A.01R.1653.07",-0.145820263252257,-0.511428604354075,-0.156901870780585,-0.32964952461713,-0.392016010221764,0.0371508636596959,-0.52980357125519,-0.498649235990547,-0.394832178597862,-0.500261628375245,-0.397222204356267,-0.393233882672832
"TCGA.DM.A288.01A.11R.A16W.07",-0.140395834744475,-0.805029284319294,-0.505306076603562,-0.757583668294258,-0.511300919684835,-0.757704973315021,-0.728719742447389,-0.764631415823253,-0.673327097811913,-0.786931269315377,-0.593171939644073,-0.723879887599833
"TCGA.DM.A28C.01A.11R.A32Y.07",-0.133881606280153,0.0408722853949171,-0.591668736841896,-0.892782924898864,-0.619820977440541,-0.665705551360006,-0.881286799873321,-0.232158666971195,-0.727851817241053,-0.618532161000907,-0.562995617853746,-0.761017572475744
"TCGA.NH.A50T.01A.11R.A28H.07",-0.13245519406022,-1.14086973587676,-0.556561189783337,-0.75733196988613,-0.562630667160056,-0.717271098788445,-0.727970542339801,-1.27931494478066,-0.525685409971307,-0.333836880056142,-0.503211770541626,-0.827009412605942
"TCGA.AA.3675.01A.02R.0905.07",-0.12442024513002,-0.796486297476028,-0.417538973332831,-0.528776664217678,-0.553161138959305,-0.659336175029374,-0.468338722078307,-0.82649973885535,0.0313448426574454,-0.439061775938227,-0.139242397795672,-0.0559962318285232
"TCGA.NH.A5IV.01A.42R.A37K.07",-0.110305112915633,-1.05604321718735,-0.255905694560929,-0.00624020238026053,-0.0366234522064529,-0.53896091148155,0.0941203065041201,-0.583726295679706,-0.652774157933291,-0.121221661200281,-0.454093722097928,-0.765808451084003
"TCGA.AY.6386.01A.21R.1723.07",-0.0884886613941286,1.20507718298513,-0.604268731618299,-0.451486076036835,-0.392252985497339,-0.571968553233875,-0.518587875073639,-0.884617866328807,-0.381535244055797,1.31426543349536,-0.422713776431823,-0.640818448512236
"TCGA.CM.6166.01A.11R.1653.07",-0.0829067210719583,0.250511799547919,-0.236025885774897,-0.526842626043917,2.17475103176217,-0.249558799898894,-0.382830716243818,1.00410518335685,-0.323988734968144,-0.857557098504467,-0.248065519322854,-0.062135592003093
"TCGA.DM.A28E.01A.11R.A32Y.07",-0.0752237236981642,1.30334680183106,-0.619892866291092,-1.01627205835557,-0.682056813744449,-0.779497874071471,-0.890396338414415,-1.0221789568775,-0.843714030284488,-1.02442236262899,-0.68509567223973,-0.864591007562688
"TCGA.DM.A28M.01A.12R.A16W.07",-0.0636270761481049,0.203949754709811,-0.549188451988481,-0.825907770204321,-0.605443780251081,-0.893399857633117,-0.850838310316897,-0.633365767994913,-0.818161655026972,-0.931287768008851,-0.620886566789522,-0.773220911867761
"TCGA.AY.A69D.01A.11R.A37K.07",-0.0591778289907221,0.920096837276257,-0.292087158276589,-0.610305886719001,0.245155993268497,-0.385452444507943,-0.457388066915552,-0.995137493949686,-0.536831779016434,-0.842001052411942,-0.537932670257534,-0.656372052665273
"TCGA.NH.A50U.01A.33R.A37K.07",-0.0488118756441589,-1.2089649412243,0.0770343466498954,-0.295353613860261,-0.344689926500452,-0.472547010786491,-0.391576807447255,-0.450791326647593,-0.208339193374037,-0.375383358668316,-0.514950289052946,-0.649068475486249
"TCGA.D5.6929.01A.31R.1928.07",-0.0389174635273257,0.912160513639611,0.391566068382499,0.664074653416289,0.695457119376409,0.0838932527450533,0.0729343445125117,-0.407955686239389,0.74468132273523,0.895520662220025,1.16945703142694,-0.1714966094647
"TCGA.CM.6679.01A.11R.1839.07",-0.0290631040089211,3.30094292887912,0.581071777720274,0.446759344476649,1.33287098128357,1.10014200938936,0.533288813563627,-0.532178713300332,0.522352867035783,-0.180123401062047,1.57690746149096,0.259213428212077
"TCGA.D5.5539.01A.01R.1653.07",-0.0109956893247491,0.0931294951102206,-0.182887595631247,0.252929080572013,-0.0975725355122807,0.108043313476142,0.517668450549897,-0.273394311973806,0.294649985177629,-0.171233473663555,-0.0772042174111125,-0.235067883305061
"TCGA.A6.6140.01A.11R.1774.07",-0.0106515494453409,1.46169458162957,-0.574127313942298,-0.682413718094143,-0.601050296516038,-0.625176546045898,-0.722478682496855,-0.890233255981312,-0.553139902770939,-1.02805263745918,-0.642242491861681,-0.645810343006157
"TCGA.G4.6297.01A.11R.1723.07",-0.00917485843163652,1.84040007128629,1.59122389814848,1.07908069182624,1.11961921395981,0.708209470256693,0.625580819811907,1.43588386096804,1.22877388110709,-0.532950024104982,1.47525858699235,0.380116107775399
"TCGA.DM.A0XF.01A.11R.A155.07",-0.00167848912286196,1.55491793548262,-0.24226236563902,-0.617510869669678,-0.56032831366472,-0.479113502495324,-0.488133874763359,0.0792121032978955,-0.478248413797324,-0.765791818074665,0.0262970099049761,-0.34968881644147
"TCGA.QG.A5YW.01A.11R.A28H.07",0.00180097384277588,-1.02672239975937,-0.343880994160583,-0.386651853161213,0.0225399639788715,-0.202084972942829,-0.326447569372872,-0.814159746779475,-0.306470172777747,0.0646972383633949,-0.467580333418247,-0.630424252091171
"TCGA.AD.A5EK.01A.11R.A28H.07",0.0083588056677992,0.0887349045282147,-0.337521007999641,-0.602478961528328,-0.534145229059374,-0.164044446471452,-0.536998254039691,-0.545410037067081,-0.434721657168297,-0.858894568178747,-0.453192452246768,-0.800408310403441
"TCGA.A6.6142.01A.11R.1774.07",0.0128036498799648,1.42838094103388,0.805713264127311,1.23965226745475,0.87084599977003,0.27111804471528,0.314890815405626,4.72785129937674,0.918335842709622,-0.399447197966681,2.14174416659178,0.994764056494096
"TCGA.AA.3662.01A.01R.1723.07",0.0139880421434335,-0.814415946803469,-0.445830149057442,-0.378224732861398,-0.601915648709708,-0.312959494583106,0.197621186095844,0.128082389376163,0.124167648690402,-0.310521386885054,-0.029266623952418,0.407663659772889
"TCGA.AA.3511.01A.21R.1839.07",0.0224397085338831,1.27916782085759,0.20801806755317,-0.187617827835323,-0.207416589151261,0.265319727261965,0.163651062408479,-0.269317294795179,0.0779881304317574,-0.871727908148629,0.017899445443458,0.350960428692619
"TCGA.CM.4747.01A.01R.1410.07",0.0225121440842333,0.825510671906346,-0.268359834282041,-0.283364719054006,-0.436284463787663,-0.381646664702415,-0.542804489269288,-0.994071197149122,-0.309427034704066,-0.760654236151239,-0.417281829989547,-0.461721670049991
"TCGA.CM.6164.01A.11R.1653.07",0.0307930898246421,1.01472671640995,-0.102735537747226,-0.126218180883308,0.541349974098908,-0.140218707704773,-0.378854051294468,0.392746278633972,-0.527906203423474,-0.887756314562626,-0.364566811252979,-0.11925760617849
"TCGA.G4.6317.02A.11R.2066.07",0.0534340283457191,1.29025506851645,0.24540518797587,-0.437351411962718,-0.260998212732617,-0.678644160920725,-0.605477243208073,-0.776670996107019,-0.509578032164298,-0.938665080894763,-0.512738818428441,-0.587406852559669
"TCGA.T9.A92H.01A.11R.A37K.07",0.0641218227846219,-0.411148471744333,-0.526538573402371,-0.860067972010668,-0.601729246104141,-0.669986162646818,-0.778304455977778,-0.778714456539059,-0.625456808404721,-0.808659844103093,-0.617245575604179,-0.723645369066562
"TCGA.DM.A28G.01A.11R.A16W.07",0.0802726780248263,-0.309236019289636,-0.5117531052975,-0.771946427357394,-0.495069388879732,-0.483927613818265,-0.719432810115497,-0.773216810702509,-0.652723143286568,0.122404808873125,-0.624848447112103,-0.710905987312782
"TCGA.CM.6678.01A.11R.1839.07",0.0852029824548279,-0.0550463513453049,-0.430831779621864,-0.363236675960268,-0.463655226026592,-0.277700241424442,-0.689484749492583,-0.77560139807797,-0.512955599294116,-0.958817352137792,-0.00207793062756951,0.083048131415724
"TCGA.AY.A8YK.01A.11R.A41B.07",0.0885689630582504,0.537383054969211,-0.499360130599574,-0.667508965698205,-0.63564045687036,-0.467933578819381,-0.650114349443025,-0.334164426329987,-0.53505289165991,-0.527409078311534,-0.61769505208522,-0.709013087722806
"TCGA.AY.A71X.01A.12R.A37K.07",0.112831037602259,-0.554973062129798,-0.589771444872672,-1.01144608015233,-0.688798526301082,-0.846169203612329,-0.913758785762359,-1.17663683522048,-0.855772037691841,-0.286892755972765,-0.754968413039967,-0.832403338871185
"TCGA.CA.6718.01A.11R.1839.07",0.114436550271194,-0.967365236460408,0.153095405483102,-0.00080050672189811,0.887375497476894,-0.0759322275032243,0.354839582193231,0.41347139106103,-0.22541717452455,-0.0413396926780744,-0.418794758557176,-0.405110571250649
"TCGA.AU.6004.01A.11R.1723.07",0.156788338286444,-0.508420019532541,-0.0543551806572126,0.0477486420911094,0.0131681938854691,-0.0359104036212031,0.282890655013416,-0.126891293869503,0.590210960040361,0.481074900612024,0.21952555897122,1.40627707709023
"TCGA.D5.6530.01A.11R.1723.07",0.192692226076613,0.124114289930811,-0.560514567531982,-0.541721019146646,-0.493396300796011,-0.654677233809439,-0.186914494484175,-0.960460289536715,-0.499818333971016,0.250276463089158,-0.211516594124772,-0.532571394083669
"TCGA.CM.4751.01A.02R.1839.07",0.201142614192644,-0.464677831828058,-0.345533626037062,0.166116162021382,-0.300758040473,-0.0157969587852734,0.0459103948524201,-0.343594935701331,-0.248103454175242,1.62170831374158,-0.0906247973927218,-0.0989885043743168
"TCGA.A6.6780.01A.11R.1839.07",0.211588814766556,-1.72422232845374,-0.560683947596191,0.555859416693574,-0.352976376748548,-0.738730630560345,-0.0254533427512403,-0.407100668061848,-0.464917027805524,0.666659432757129,-0.447648136684232,-0.574776354410622
"TCGA.CK.6751.01A.11R.1839.07",0.216760429000567,-0.0213628803316795,-0.279158989625782,0.0823216395677675,-0.311901742958665,-0.150509556037874,-0.0736674530725448,0.729243799309745,0.140661280251174,-0.257001370236464,0.222700855451979,0.0257586040022761
"TCGA.CK.4952.01A.01R.1723.07",0.22366098040009,-0.133932688513515,-0.514901927741154,-0.523637558744231,-0.587563529428488,-0.703293452672262,-0.472882994674842,0.118909375826627,-0.401340852486315,-0.600460398140093,-0.507521184225837,-0.727456295232223
"TCGA.A6.6650.01A.11R.1774.07",0.224989249550822,-0.413769241626854,-0.50718219606476,-0.757444503791756,-0.6295378236484,-0.454289027535622,-0.5461657867047,-0.553400110409593,-0.633538986007045,-0.937571752510233,-0.700876003746806,-0.799570744213186
"TCGA.AY.A54L.01A.11R.A28H.07",0.234766060421205,0.461740099427703,-0.615491337122562,-0.999599391305484,-0.59855953713618,-0.782098206981386,-0.832133762061666,-0.343035927677918,-0.794131106308724,-0.963519725675143,-0.709370877549581,-0.82906982543397
"TCGA.D5.6535.01A.11R.1723.07",0.241686638119942,-0.514257124397966,-0.533044414618604,-0.385835671774126,-0.591526003289798,-0.400601268504058,-0.126557306832382,0.224747861456176,-0.455993439796203,-0.652335114792544,-0.158840962502523,-0.456570637979922
"TCGA.AZ.5407.01A.01R.1723.07",0.243748352725591,-0.830049046643385,-0.623622756455018,-0.672807226470739,-0.681118676542782,-0.666215474313347,-0.657421346639452,-1.02866587084997,-0.55468624284175,-0.0334794046320053,-0.721211339180313,-0.767265816255047
"TCGA.G4.6626.01A.11R.1774.07",0.253153043709862,-0.704605255580294,-0.5788664269888,-0.791196693439832,-0.455422440310671,-0.793808615020079,-0.742251267332782,0.0655956362079293,-0.538462922655824,-0.957357811818636,-0.50919977036251,-0.460498823412218
"TCGA.AA.A02Y.01A.43R.A32Y.07",0.269043272999297,-0.673255141442508,-0.610272313894136,-1.03440272559621,-0.697967598389005,-0.958055346595525,-0.935971060055466,-0.999221113585282,-0.908710665377399,-0.847589764979472,-0.748446370286712,-0.864591007562688
"TCGA.NH.A8F8.01A.72R.A41B.07",0.271614024884269,0.985631493940048,0.175284193894422,-0.0838966506968647,0.166437661279513,0.341110178951741,-0.336055962346374,0.269332052551785,-0.226157880693859,-0.905180572263669,-0.508146744276771,-0.488364650562005
"TCGA.AZ.6599.01A.11R.1774.07",0.27856102025431,0.014268368208518,-0.618470779502008,-0.995375521616195,-0.691746743124505,-0.859967005934215,-0.885862300075042,-1.36948690043123,-0.901954206062004,-0.33236141747896,-0.732912787466393,-0.821917010169192
"TCGA.CA.5255.01A.11R.1839.07",0.280048079493849,0.412698426270393,-0.545599711878062,-0.91851750571514,-0.632043794608997,-0.697792864427188,-0.824397975731859,-0.979479767246669,-0.694319956202539,0.0345351742406326,-0.671895196720486,-0.678668064649864
"TCGA.CM.5863.01A.21R.1839.07",0.282758873442832,-0.146965957164152,1.14000011209868,0.758619455198979,1.36111246955365,0.06086173268581,0.119594159829527,-0.72962408856181,0.00901566553381777,0.642993649909444,0.602087966564375,0.102060883934515
"TCGA.A6.5666.01A.01R.1653.07",0.285413991439388,0.456430174569188,-0.426725489315253,-0.749455024866577,-0.57353251599286,-0.807253309404383,-0.708080919588643,-0.265178654684838,-0.665706702141617,-0.927285973824694,-0.673902781106168,-0.651254523242815
"TCGA.G4.6311.01A.11R.1723.07",0.292712796335345,0.275750190572767,0.369294942439966,0.47214848432796,0.364026073920779,-0.240938634618299,0.331972577858642,0.737872110159302,0.382503169586269,-0.753743976167456,1.14012984948353,1.11287764064387
"TCGA.AA.3502.01A.01R.1410.07",0.299991006810124,-1.09939597314238,-0.596361976121008,-0.813309755826164,-0.694815921313652,-0.693210959954505,-0.785470272908746,-1.23612167128661,-0.713064857497937,-0.194915178769268,-0.729151318049018,-0.824128184911465
"TCGA.D5.6532.01A.11R.1723.07",0.300820606907369,3.53084602809346,-0.480582468481343,-0.813947319445776,-0.564288484112535,-0.702136256550728,-0.727956371829885,-0.332828529203171,-0.479498603905988,-0.817119870534851,-0.630900161382619,-0.459795267812404
"TCGA.AA.3492.01A.01R.1410.07",0.302143194838466,-0.700719341507928,-0.509754655789928,-0.281883286794038,-0.60575679675621,-0.674631944564731,-0.5008600423352,0.27325611281062,-0.156597091038901,1.63140496888011,-0.219238785420189,-0.496246148412305
"TCGA.AD.6963.01A.11R.1928.07",0.315018542897939,-0.107528996333716,-0.57678446369957,-0.612961921069659,-0.649654607985279,-0.632919698677172,-0.450866745768904,0.284396658537047,-0.618542667453999,-0.417051907925365,-0.255991596857094,0.634736229612946
"TCGA.AZ.5403.01A.01R.1653.07",0.334968429708267,-0.128901433908927,0.322082602042725,0.430410699680898,0.0190088215640175,0.667906092141833,-0.109769713668546,0.486415335659355,0.202305524273689,-0.947103877649152,1.87985460971285,0.840769136753795
"TCGA.DM.A1D4.01A.21R.A155.07",0.339023968344923,-0.253500531339349,-0.616071228592387,-0.908812459464578,-0.681464267173594,-0.837581388282538,-0.860166704511137,-0.605714678206916,-0.754745148926728,-0.278124899219148,-0.650261244959023,-0.796304236071191
"TCGA.DM.A1DA.01A.11R.A155.07",0.34295721872893,-1.16292269096269,-0.544381116416118,-0.816473242268956,-0.579337956469611,-0.874743257191841,-0.798125587931009,0.734538969799232,-0.654953212129049,0.274881659160445,-0.654065576824332,-0.678048265669075
"TCGA.DM.A1HB.01A.21R.A180.07",0.359358047633088,-0.729570964538034,-0.426633741780473,-0.582686002435207,-0.313465543957466,-0.765826181727293,-0.744431426525022,0.216937154861333,-0.516845300474806,-0.352232395496842,-0.329503011953596,-0.324553455071915
"TCGA.A6.A56B.01A.31R.A28H.07",0.37111930852208,0.263686369446859,-0.0150578295103829,-0.0367163574007786,-0.144855661882035,0.107881563722125,-0.117353298225182,-0.453526944651929,0.179576180310828,-0.51250053737878,-0.0382712133522496,-0.0678561690825353
"TCGA.D5.6537.01A.11R.1723.07",0.381898002475148,-0.0186089930561744,-0.580200294994442,-0.752569262554072,0.946347094342809,-0.844731549866458,-0.718732681958913,-0.498451162281464,-0.413555879001115,-0.803437343470188,-0.496100079518138,-0.113093119018213
"TCGA.QG.A5Z1.01A.11R.A28H.07",0.386378638371016,0.073976758625026,-0.301933550759157,-0.300944796919306,-0.319418047976849,1.11327499280703,-0.324460811399298,-0.714045591342427,-0.273822786458398,-0.679233116019741,-0.394099037879752,-0.159980074348692
"TCGA.AZ.4616.01A.21R.1839.07",0.401299367529687,-0.361354981731915,-0.343281106433178,-0.164643062162255,-0.174905460756255,-0.517365948559676,-0.543274477848164,2.29421867272761,-0.229872011986475,0.601755001619128,0.922876319127809,0.512577200764241
"TCGA.F4.6809.01A.11R.1839.07",0.409796341646728,-0.373937339915091,0.690332505388803,1.37425469882735,0.00335018089941264,1.65711056406665,0.71219989859054,1.55366839207429,0.0928393553791876,0.475629488366739,0.0906903080368479,2.50696468601395
"TCGA.AZ.6608.01A.11R.1839.07",0.445384921747138,0.333864884949303,-0.625655317225521,-0.993245516519354,-0.686644062909372,-0.898933618285371,-0.897479231620692,0.082655284607456,-0.781532476151679,-0.363717650953759,-0.702128282293213,-0.830401555676475
"TCGA.AD.A5EJ.01A.11R.A28H.07",0.446956915220225,0.217620246280466,-0.0228422549613009,-0.447252425136361,-0.208970416631654,-0.443123633922329,-0.494541044580129,-0.482464413139471,-0.145854201472405,1.33941729375891,-0.463471330639243,-0.497234476516806
"TCGA.AU.3779.01A.01R.1723.07",0.45591321594478,0.0977956499644621,-0.354557819457951,-0.0537422047099384,1.19115930437771,0.119364151344567,0.0579136040017026,-0.470179441538341,0.49460619944128,0.0183210081496525,0.09514916106656,0.0958712697885295
"TCGA.F4.6570.01A.11R.1774.07",0.474717768876632,0.638710182122986,1.15206020792042,2.20811470412766,1.31364484381244,-0.30875454928292,1.36753271157835,0.174376616826856,1.00747433120454,0.278506626571293,-0.310359715950481,-0.239155206313506
"TCGA.AZ.4684.01A.01R.1410.07",0.475945906531292,-0.664329888713348,-0.429364995315836,0.103711306421441,-0.479103612917772,-0.23794790908174,-0.285710764783835,1.61153452577341,0.0849976753971308,-0.311837626881965,3.15412970102148,0.726416224798268
"TCGA.AZ.4614.01A.01R.1410.07",0.486847456858973,-0.323240292393575,-0.577601957759466,-0.788662117457559,-0.66092586288645,-0.795369363070278,-0.842722544387865,0.0390504579623133,-0.746201189392375,-0.94845726958146,-0.46073160930506,-0.727732692075007
"TCGA.CK.6748.01A.11R.1839.07",0.495931585025322,1.67526498113795,1.32956228145786,1.38305216291302,3.90849548900623,0.900915111518961,0.129125402249043,2.83055826054476,0.547866153148407,-0.712176267877913,0.898365949576588,0.292783081117501
"TCGA.G4.6320.01A.11R.1723.07",0.496281690185347,-0.0379774839124525,-0.580653151416111,-0.819826941141242,-0.655289683998198,-0.7573589933327,-0.8432006678891,-1.03322596779687,-0.71024381378692,1.19994892827977,-0.445997353216489,-0.560621485795312
"TCGA.CK.4948.01B.11R.1653.07",0.500616318736588,0.0269778156766136,0.189822649405656,0.712017581322898,-0.15611847252174,-0.0965756083976532,0.268859226028214,2.07939342990358,0.340548591615355,0.165814191674475,0.49681779443759,1.78035088898195
"TCGA.DM.A28K.01A.21R.A32Y.07",0.502122552092396,-0.965102500267786,-0.53284209954191,-0.571042020265721,-0.56305929263161,-0.803462059661503,-0.804799110850827,-0.504114969951745,-0.478188123760287,-0.758191593576373,-0.648155192787545,-0.821146449274157
"TCGA.AY.5543.01A.01R.1653.07",0.52270759925795,0.856876834384807,-0.611903773262589,-0.757242710979385,-0.64893616688495,-0.636923964621527,-0.62375772583323,-1.17518869632519,-0.549939893112834,0.488823732851903,-0.407453586522652,-0.864591007562688
"TCGA.AA.3685.01A.02R.A32Z.07",0.540549327492109,-1.75431242828172,-0.465508819017227,-0.28017061813416,-0.590984134197838,-0.498962664682317,-0.300524195982912,-0.235431284809046,-0.181007268232116,-0.245325047683221,-0.0793079526935124,0.471946864874967
"TCGA.AM.5820.01A.01R.1653.07",0.542494151003762,1.04282596368751,0.194637042480695,-0.329204957859391,-0.30924980180269,0.226084719979991,-0.254067753724874,-0.141383686917414,0.127207326601662,-0.855497819799622,-0.599032510565693,-0.374991691049076
"TCGA.DM.A285.01A.11R.A16W.07",0.546328832227097,-0.101069818660924,0.896835033669728,-0.078466536341722,-0.150729366292519,-0.305384945508986,-0.360336343836645,1.09525760386738,-0.274027507573171,-0.562852024679968,0.647116705786227,-0.498005037411841
"TCGA.CM.6675.01A.11R.1839.07",0.556441261147435,0.157144868935575,-0.0285364833698675,-0.587984191812038,-0.412427240834609,-0.493349399913683,-0.52558574522042,-0.652321421954163,-0.388758122998378,1.70068271355623,-0.301547428344084,-0.729600464679276
"TCGA.5M.AAT4.01A.11R.A41B.07",0.557354091112336,-0.903844886078746,-0.503923982329638,-0.805485786417557,-0.615679540022622,-0.666779131083277,-0.695256345697942,0.920151641761987,-0.609212949854529,-0.77818464223913,-0.613799203101349,-0.756469588062659
"TCGA.AY.6197.01A.11R.1723.07",0.593992844662331,0.0237923198558271,-0.611221548003971,-0.614800988680508,-0.601558278989208,-0.560533393929136,-0.531467294086051,0.12584085523504,-0.372234677683027,0.657382063746644,-0.304189840337011,-0.693375726950743
"TCGA.DM.A28F.01A.11R.A32Y.07",0.655324593265672,0.896582345433447,-0.511591958986412,-0.741766807245913,-0.635412619024117,-0.654120704994771,-0.803258199105902,0.796346770309109,-0.584093205302343,-0.921654801902426,-0.514010790532007,-0.426803535578256
"TCGA.AA.A02K.01A.03R.A32Y.07",0.672483438899669,0.563874693652757,-0.532237506812721,-0.777707846328488,-0.630916282040604,-0.765359300657648,-0.741613069552868,-0.38431889028881,-0.788843471302236,0.143745942048847,-0.722262048376974,-0.598161202442545
"TCGA.CM.6171.01A.11R.1653.07",0.675537946636586,1.78692721972552,-0.603997017765298,-0.561989559290491,-0.584514119624646,-0.311907024573495,-0.180642206928456,-1.1102513312118,0.107346065829265,-0.594399325251092,-0.601548652103893,-0.789226801763535
"TCGA.AZ.6600.01A.11R.1774.07",0.691579722459793,-0.746421822049433,1.19105996770444,0.894568452350312,0.677819501127271,0.148891706016402,0.333617406676282,0.67992564656705,0.0463981386081306,0.410135933681733,-0.252259088553188,0.237001172846512
"TCGA.QG.A5YX.01A.11R.A28H.07",0.69201532997533,0.390749166619543,-0.596766606274395,-0.83814242329629,-0.663777336343112,-0.696697078381756,-0.831722292440405,-1.21902130773577,-0.737714207255661,-0.882990251993166,-0.739885465145228,-0.864591007562688
"TCGA.AA.3509.01A.01R.1410.07",0.742229783935339,0.0670243539645874,-0.462202379013823,-0.45276770028495,-0.610014624443165,-0.445116994026492,-0.243678145788047,-0.253995192988109,-0.075320158362425,-0.729478454934081,-0.431888657178853,-0.428922578039601
"TCGA.G4.6304.01A.11R.1928.07",0.749971439901867,-0.568088788112931,-0.50718219606476,-0.811956036198084,-0.472100275940953,-0.908862859965,-0.820169128189377,-0.729594377505448,-0.858560617536762,1.86936311509585,-0.606446555613798,-0.718293321110832
"TCGA.4T.AA8H.01A.11R.A41B.07",0.756294779386444,-0.813398853272285,-0.578857016985233,-0.955410920626099,-0.670760216530801,-0.804476970829927,-0.819331231186389,-1.0829886859755,-0.783488258452036,-0.445112233988544,-0.734446568035719,-0.803356543393139
"TCGA.NH.A8F7.06A.31R.A41B.07",0.757755847046151,2.76153161125774,-0.583031529817706,-0.861442810487424,-0.628501635350905,-0.810315040341433,-0.826826906098177,-1.15310127694343,-0.735660370829133,-0.950994216027119,-0.660899241158515,-0.695746039269165
"TCGA.CA.6715.01A.21R.1839.07",0.769047413101795,2.37114582388023,-0.356606847734696,-0.685338128888936,1.46639658150682,-0.674353680157397,-0.67767809056417,-0.366079602910744,-0.411830656402833,-1.00629221815541,-0.631332261195579,-0.709833902589256
"TCGA.A6.6137.01A.11R.1774.07",0.791599014444107,0.970934567266771,-0.576170460966814,-0.365970874325568,-0.53932305010044,-0.294587738200175,-0.146052517057548,-0.590618160346302,-0.384807469252771,-0.212779952275729,-0.575853193789515,-0.168791270670176
"TCGA.5M.AATA.01A.31R.A41B.07",0.806775256455876,-1.4813522098956,-0.579009929543199,-0.123282546684147,-0.499182932841582,0.320524918307908,-0.36495199381646,2.38088472372741,0.106814718469886,-0.869244035896394,-0.353772425040754,-0.631471209828989
"TCGA.CM.5344.01A.21R.1723.07",0.821793276500802,-0.550693983671528,1.68404887833655,0.739158800261639,1.86512405556729,0.0371069993196235,0.011079281479242,0.122007028554788,0.912720256402769,-0.908020041611844,0.854153913754567,0.415871808437389
"TCGA.SS.A7HO.01A.21R.A37K.07",0.828163059955898,1.28709947370851,-0.584388922832267,-0.663663250484576,-0.542110404338447,-0.567605422157302,-0.618679434946347,1.16380101089558,-0.50141701374431,0.588624446166073,-0.289413880245045,-0.828140126962787
"TCGA.3L.AA1B.01A.11R.A37K.07",0.837934189606645,0.149668438046618,0.131717053629002,-0.238882640689369,0.10955785923693,0.477154058925538,0.236237400117658,-0.623873635691854,-0.110525564824619,-0.270991727622986,-0.577865411953352,-0.216574421824229
"TCGA.NH.A6GA.01A.11R.A37K.07",0.863121876859735,-0.157632893990201,-0.552656038302973,-0.321605013884784,-0.656098327437929,-0.170613131397288,-0.162161500246525,-0.918317907110302,-0.416099323530611,5.6186886685548,-0.558621331275364,-0.485542052500845
"TCGA.AZ.4313.01A.01R.1410.07",0.863528936246604,-1.59417485928555,-0.50810437641434,-0.516904215801523,-0.532842466503801,-0.867649570945764,-0.773980088701788,-0.769672391719417,-0.539823092392489,-0.415852431153986,-0.00698394324924531,-0.587381725573962
"TCGA.G4.6306.01A.11R.1774.07",0.974685975264937,1.93187499435197,-0.630456771545655,-1.00473112874248,-0.687936487497453,-0.865055269382609,-0.894561418662276,-0.992663773405137,-0.832166169344369,-0.471288426185177,-0.637887898840458,-0.746703566284284
"TCGA.AZ.4315.01A.01R.1410.07",0.990791806839531,-1.0618115776681,-0.204194196208148,-0.423013455766486,-0.514999915914274,-0.680825315230823,-0.550064513849513,-0.63198805530729,0.114782278749052,-0.0880821348264413,0.168566742155423,-0.494437005441354
"TCGA.AA.3496.01A.21R.1839.07",1.00437162613378,0.312860700902829,-0.29447259418086,0.0891144551303118,1.36572129982122,0.155222975201596,0.376121851168897,1.93281668436312,0.477190329072209,-0.374592553186301,-0.106529082465446,0.24494130033013
"TCGA.G4.6322.01A.11R.1723.07",1.00544523461436,0.150033996891286,-0.592467410894658,-0.340184603020983,-0.515625894138069,-0.14750046230891,-0.589286385961805,-0.135224694974426,-0.38229913870089,0.420570320108858,-0.459656572773085,-0.796965913361492
"TCGA.D5.6922.01A.11R.1928.07",1.00707233591791,1.23316854581672,0.0640085492120794,-0.0483765035572161,0.0172535990431737,0.613671947924241,0.267117827809665,-0.44064335028557,-0.139845736132993,-0.493951106777152,-0.292895006084038,0.733502034767826
"TCGA.AA.3495.01A.01R.1410.07",1.01405725342902,0.760027952782897,-0.489079701702472,-0.46122787679483,-0.586248568547678,-0.415447154401548,-0.461018079205664,-0.0685145701647427,-0.131364054219316,-0.199474251984375,-0.462004739853164,-0.784059018369661
"TCGA.G4.6298.01A.11R.1723.07",1.04294199435978,0.426020345486322,-0.296443989928176,-0.344950408926512,0.103795185550124,-0.527242827183344,-0.622165380385648,0.958612054018445,-0.295021028491677,-0.670762474749298,0.212095295699572,-0.0717927301767341
"TCGA.G4.6314.01A.11R.1723.07",1.05421907330535,-0.388711973292654,0.320764025292879,0.908988941978153,0.500110745098019,1.65776249782098,0.576797264925466,-0.0699418012796359,0.4593809171427,-0.504343033849538,-0.150421387594768,0.792709588756958
"TCGA.A6.5657.01A.01R.A32Z.07",1.08920544412442,-0.918610437372967,0.992630046233676,1.30178282076728,-0.0276392749053357,0.699365048537478,0.257852413659496,-0.0338703780366188,0.312740971455936,0.618611365450536,0.583179834802629,1.55914965813558
"TCGA.D5.6538.01A.11R.1723.07",1.11207306330894,2.59037280438207,-0.514284396257061,-0.756765959039147,-0.575252060615753,-0.5013159865272,-0.653628111068457,-0.735774277228839,-0.549283990512104,-0.0475493733086625,-0.721519485427625,-0.864591007562688
"TCGA.AA.3526.01A.02R.A32Z.07",1.12066448770242,-0.744893576891391,-0.425704503928218,-0.28177957739719,0.247866513064237,-0.435060819912778,-0.433725152274022,0.349796195638297,0.0995163113490395,-0.705961279827982,-0.099686150574953,0.324803236570953
"TCGA.A6.5665.01A.01R.1653.07",1.12445812211389,-0.842642303326572,-0.586314444812193,-0.797222262229498,-0.640202985430068,-0.759621844976183,-0.687155012695676,-1.05467955130955,-0.524502797706355,0.25063736760444,-0.491181324006536,-0.668139857638357
"TCGA.D5.6533.01A.11R.1723.07",1.13486569039428,0.22758065690438,-0.576819751212947,-0.518548373145681,-0.237092415624469,-0.20839293919736,-0.237685857011592,0.41131128722253,0.0372718170676751,-0.925768051892773,-0.409117112880321,-0.10073901771195
"TCGA.F4.6461.01A.11R.1774.07",1.1376179572466,0.521602765497288,0.0313887718465827,0.446801896315091,0.0858764508098333,0.321550247257099,0.18795768558378,-0.069892282852365,-0.0325904227724666,0.719186961988693,-0.181035601420749,0.255276867117878
"TCGA.AD.6895.01A.11R.1928.07",1.14122070267833,-0.546483729440429,-0.474910588831248,-0.0129930934661994,-0.29984313511395,-0.277522316695023,-0.326834634227055,1.15752977718411,-0.324398177197691,0.811557288223527,-0.429116499397585,-0.033901235729594
"TCGA.AA.3697.01A.01R.1723.07",1.16704383434762,0.30385420843916,-0.594040057740816,-0.425417134868558,-0.526180606408977,-0.436836503229332,-0.350318580576685,-0.0803307673210428,-0.21608745692508,-0.420591956626734,-0.431192432011054,-0.501556318058523
"TCGA.AZ.4682.01B.01R.A32Z.07",1.1890055830613,-0.569958020589062,-0.461853032631393,-0.655990268706737,-0.638946486470034,-0.650243371484499,-0.674656360533039,-0.0424678774203191,-0.53400676013814,-0.904485300329817,-0.421989748595094,-0.521574150005619
"TCGA.A6.2682.01A.01R.1410.07",1.20358700137726,-0.315988937486515,0.634947576893498,0.287618752905017,-0.00460811272341981,0.0362680938157397,0.403963754151354,1.2437226521011,0.909518259161025,-0.160098507883236,1.46180325367458,0.299441732330029
"TCGA.G4.6586.01A.11R.1774.07",1.21501491670415,-1.85134335076292,-0.58542755197599,-0.738603220849137,-0.613011891825715,-0.845493144470964,-0.795905278960674,-0.63427360582821,-0.799265034847162,1.52028353010864,-0.679631289350368,-0.793339251757688
"TCGA.G4.6307.01A.11R.1723.07",1.26011030771177,2.67862400703443,-0.499801224516784,-0.822456216382759,-0.639845134541495,-0.799702063260926,-0.87825667250298,-0.0758157871634437,-0.710113295794653,-0.522181270259287,-0.625736974073337,-0.688576472680581
"TCGA.D5.5540.01A.01R.1653.07",1.2617953574556,-0.585326702059679,-0.434898077413315,-0.730641472014648,0.434571654247923,-0.608942079632993,-0.615708876201023,2.07973235602801,0.0367901592992605,-0.882135757479042,-0.304662485708827,-0.658290079240957
"TCGA.CM.4743.01A.01R.1723.07",1.26490809769378,-1.10564508522157,-0.608484413216379,-0.0829402624300246,-0.393977225081967,-0.663958654016625,-0.585218924782253,0.976328646886431,-0.195402011470554,0.145263863980768,-0.111921641793404,-0.655978396555853
"TCGA.G4.6321.01A.11R.1723.07",1.33524798815085,3.72325527321822,-0.545220959234485,-0.748254077761817,-0.677438784115023,-0.747430848261573,-0.63876114683192,-0.98578731447147,-0.735760412538942,-0.0946898719077082,-0.69964226031302,-0.588713455816467
"TCGA.CA.5254.01A.21R.1839.07",1.39584671739074,0.167758470977691,0.149329051555353,-0.423401934060667,-0.235075811649495,-0.389802690434619,-0.405070544306206,-0.665293049080114,-0.126945655790764,-0.48009343487419,-0.0222869956063501,-0.0713655714197041
"TCGA.DM.A282.01A.12R.A16W.07",1.4115356894746,1.217811720956,-0.309159257248276,-0.552682658312172,-0.471687257465484,-0.376893963455574,-0.575675873604474,-0.673362351906259,-0.0154369134436874,-0.939715949924555,-0.23928798505262,-0.364128457561468
"TCGA.DM.A1D7.01A.11R.A155.07",1.52170163972755,0.908855114358088,-0.593527212546407,-0.687232927984831,-0.654113206623404,-0.535569923841831,-0.668465684617761,-0.437112136216417,-0.456554600910161,-0.699226164682498,-0.47331579232968,-0.718502712658396
"TCGA.A6.5660.01A.01R.1653.07",1.52542922996076,-1.03215947378467,0.17796251615972,0.0145883085341715,-0.16577682346054,0.0857835316500466,-0.222353627699484,-0.232742984412991,-0.0264090376564991,0.155910547181589,-0.280664148643742,-0.4328591391338
"TCGA.A6.4105.01A.02R.1774.07",1.52967622569913,-0.0870536689864616,-0.353088682651031,0.152217317951249,0.959857717362256,-0.243968289756671,0.141256670821269,2.7721826372495,0.837311333155245,-0.0553035129678841,0.538134877357234,1.45393459331574
"TCGA.5M.AAT5.01A.21R.A41B.07",1.5445969548578,1.02772032330322,-0.595549187062897,-0.755287354048981,0.0458569638158959,-0.735368154741674,-0.858146882014426,-0.428174610298791,-0.736603810529577,-0.723565989786666,-0.590700977442884,-0.781738960022655
"TCGA.AD.6888.01A.11R.1928.07",1.60128203392143,0.310432890360234,-0.630456771545655,-1.0301043045148,-0.65272652549761,-0.925100616203412,-0.914843092187773,-0.679010753843611,-0.861845430763446,-0.710005533366878,-0.721006294496951,-0.7401873013241
"TCGA.CM.4744.01A.01R.A32Z.07",1.6796148322834,-0.95126651517408,-0.566811036168846,-0.801145570292152,-0.669093250238889,-0.843704850156639,-0.830085598545124,-0.983052796876629,-0.706651587624136,3.77947679932277,-0.660870280045046,-0.767475207802611
"TCGA.AD.6890.01A.11R.1928.07",1.73703335680195,0.878630120641699,-0.248105977854215,-0.397616005455452,0.54824273293588,-0.552180252818732,-0.52738251339438,-0.434086010105426,-0.289221921962196,-0.422125800816683,0.251818358933873,-0.171571990421823
"TCGA.CA.5256.01A.01R.1410.07",1.86564565908875,0.543850556221681,-0.599383763516507,-0.696443816022987,-0.490726961364789,-0.567475748201964,-0.539062424984101,-0.821544594899788,-0.0456230086906008,-0.638848962243549,-0.358256763850319,-0.776085388238433
"TCGA.DM.A1D0.01A.11R.A155.07",1.93619703294674,0.258082544379274,-0.618702500839849,-0.87809000355101,-0.621727834600702,-0.886683678863788,-0.857535713170092,-0.946228693539096,-0.591944823202592,-0.984468109819528,-0.590815663452222,-0.808792347967894
"TCGA.CM.6676.01A.11R.1839.07",1.93933874740506,0.508965196231641,1.3181808821434,-0.201195319850374,-0.0442098672239929,0.125641686713173,-0.228655305942436,0.786235107460418,-0.28881181720477,-0.551340232126339,-0.0672925659374267,-0.361330986486016
"TCGA.AA.3506.01A.01R.1410.07",2.01697488620925,-0.152182566111406,-0.29208127702436,-0.224703739838241,-0.443071880165098,-0.408215569636368,-0.222665641334483,-0.111525175682637,-0.0722950560645143,0.383216702777167,-0.284067658698638,-0.149284354099135
"TCGA.AD.6889.01A.11R.1928.07",2.08038851774795,0.152265135418127,-0.491932109033761,-0.546602129111041,-0.484633384583476,-0.703900973782264,-0.734784983108226,-0.534607317055589,-0.362265620679816,0.0793244860710024,-0.323453614572158,-0.778815854018665
"TCGA.NH.A6GB.01A.11R.A37K.07",2.11014759838058,-0.899667766481379,-0.601395151778983,-0.631117619643443,-0.587269492859991,-0.58999405548236,-0.552918821930157,-0.369467763745559,-0.537123953811304,-0.0945571864241485,-0.45349133093777,-0.812854543990632
"TCGA.AA.3663.01A.01R.1723.07",2.18491287487256,-1.03736408639766,-0.539976058496249,-0.591871659232246,-0.612474236527417,-0.749290422128515,-0.547892227162782,-0.211363128336463,-0.463997439108744,-0.0646021116557391,-0.545547126210846,-0.726526596761039
"TCGA.4N.A93T.01A.11R.A37K.07",2.5018336049165,0.47434579157885,-0.49957303193028,-0.907241696902162,-0.684368721522645,-0.817435319343679,-0.857518393657973,-1.03866639233968,-0.821681665650888,-0.193540557159591,-0.645027392532876,-0.864591007562688
"TCGA.A6.2686.01A.01R.A32Z.07",3.36251735915136,-1.39806122199152,-0.389586557736636,0.624643249808498,-0.468407580154836,-0.216177214647451,0.324560351505247,2.20068166484161,-0.0194750208693916,2.14282258929279,0.434740226938712,1.01391081960333
"TCGA.A6.5656.01A.21R.1839.07",3.64880040794607,0.420551653834617,-0.5198574708697,-0.792722490989075,-0.549567987795657,-0.459318622429169,-0.742261501589943,-0.0928193146787302,-0.702539277075925,-0.791320505111527,-0.595327804930718,-0.447658933715608
"TCGA.G4.6317.01A.11R.1723.07",5.12246759249978,0.152495600768163,-0.585488716999176,-0.979215604219335,-0.665137117315245,-0.857289636277049,-0.897461124858021,0.724052067312778,-0.883108600528918,-0.853719834319924,-0.597501046885443,-0.590128942677998
"TCGA.RU.A8FL.01A.11R.A37K.07",5.84505623669359,-0.62096821035996,-0.630456771545655,-1.00108979086563,-0.695037537323238,-0.939117191921409,-0.92605537695027,-0.941047965637079,-0.860415695599431,-0.227683185789141,-0.705194684987328,-0.864591007562688
